country,year,indicator,value
Emirates,2012,Total of Exports in Goods,278323.4140915224
Bahrain,2012,Total of Exports in Goods,22225.00292751065
Saudi Arabia,2012,Total of Exports in Goods,388400.5769202668
Oman,2012,Total of Exports in Goods,52138.20253315993
Qatar,2012,Total of Exports in Goods,132913.59053730356
Kuwait,2012,Total of Exports in Goods,114506.220274166
Emirates,2012,National non-oil commodity exports,47930.861424684736
Bahrain,2012,National non-oil commodity exports,5547.237656914901
Saudi Arabia,2012,National non-oil commodity exports,43528.45873333339
Oman,2012,National non-oil commodity exports,9347.347469440823
Qatar,2012,National non-oil commodity exports,14516.051921033511
Kuwait,2012,National non-oil commodity exports,4704.029933829722
Emirates,2012,"National commodity exports, including oil",175461.42198150922
Bahrain,2012,"National commodity exports, including oil",21075.191275914905
Saudi Arabia,2012,"National commodity exports, including oil",381008.6213834668
Oman,2012,"National commodity exports, including oil",45671.90381534459
Qatar,2012,"National commodity exports, including oil",131542.64830192362
Kuwait,2012,"National commodity exports, including oil",113246.82936936256
Emirates,2012,Re Exports Goods,102861.99211001318
Bahrain,2012,Re Exports Goods,1149.8116515957445
Saudi Arabia,2012,Re Exports Goods,7391.955536799996
Oman,2012,Re Exports Goods,6466.298717815344
Qatar,2012,Re Exports Goods,1370.9422353799453
Kuwait,2012,Re Exports Goods,1259.3909048034195
Emirates,2012,Oil and gas Exports,127530.56055682448
Bahrain,2012,Oil and gas Exports,15527.953619000004
Saudi Arabia,2012,Oil and gas Exports,337480.1626501334
Oman,2012,Oil and gas Exports,36324.556345903766
Qatar,2012,Oil and gas Exports,117026.59638089011
Kuwait,2012,Oil and gas Exports,108542.79943553284
Emirates,2012,Total commodity imports,244769.929990402
Bahrain,2012,Total commodity imports,19822.26867287232
Saudi Arabia,2012,Total commodity imports,155592.81810000015
Oman,2012,Total commodity imports,28635.576723016915
Qatar,2012,Total commodity imports,25214.427458616006
Kuwait,2012,Total commodity imports,27267.36343628064
Emirates,2012,Non-oil commodity imports,244769.929990402
Bahrain,2012,Non-oil commodity imports,10891.368672872322
Saudi Arabia,2012,Non-oil commodity imports,155592.81810000015
Oman,2012,Non-oil commodity imports,28635.576723016915
Qatar,2012,Non-oil commodity imports,25214.427458616006
Kuwait,2012,Non-oil commodity imports,27267.36343628064
Bahrain,2012,Oil and gas imports,8930.9
Emirates,2012,Goods trade exchange,523093.3440819244
Bahrain,2012,Goods trade exchange,42047.27160038297
Saudi Arabia,2012,Goods trade exchange,543993.395020267
Oman,2012,Goods trade exchange,80773.77925617684
Qatar,2012,Goods trade exchange,158128.01799591957
Kuwait,2012,Goods trade exchange,141773.58371044663
Emirates,2012,Commodity trade balance,33553.48410112044
Bahrain,2012,Commodity trade balance,2402.7342546383297
Saudi Arabia,2012,Commodity trade balance,232807.75882026664
Oman,2012,Commodity trade balance,23502.62581014301
Qatar,2012,Commodity trade balance,107699.16307868756
Kuwait,2012,Commodity trade balance,87238.85683788535
Emirates,2012,Total of Exports in Goods,249925.9480103979
Bahrain,2012,Total of Exports in Goods,14741.473959297877
Saudi Arabia,2012,Total of Exports in Goods,362709.9255256
Oman,2012,Total of Exports in Goods,46355.60015604682
Qatar,2012,Total of Exports in Goods,124253.1966766118
Kuwait,2012,Total of Exports in Goods,111702.21909664098
Emirates,2012,National non-oil commodity exports,41437.67160178754
Bahrain,2012,National non-oil commodity exports,2790.5416702127677
Saudi Arabia,2012,National non-oil commodity exports,35677.06348213334
Oman,2012,National non-oil commodity exports,6665.17613524058
Qatar,2012,National non-oil commodity exports,11085.94475934533
Kuwait,2012,National non-oil commodity exports,3449.8230695573857
Emirates,2012,"National commodity exports, including oil",168114.00688604952
Bahrain,2012,"National commodity exports, including oil",14494.79886621277
Saudi Arabia,2012,"National commodity exports, including oil",358491.97215253336
Oman,2012,"National commodity exports, including oil",42989.73248114435
Qatar,2012,"National commodity exports, including oil",123554.97200770248
Kuwait,2012,"National commodity exports, including oil",111082.8403790294
Emirates,2012,Re Exports Goods,81811.94112434835
Bahrain,2012,Re Exports Goods,246.67509308510623
Saudi Arabia,2012,Re Exports Goods,4217.953373066659
Oman,2012,Re Exports Goods,3365.867674902475
Qatar,2012,Re Exports Goods,698.2246689093402
Kuwait,2012,Re Exports Goods,619.3787176115835
Emirates,2012,Oil and gas Exports,126676.335284262
Bahrain,2012,Oil and gas Exports,11704.257196000002
Saudi Arabia,2012,Oil and gas Exports,322814.90867040004
Oman,2012,Oil and gas Exports,36324.556345903766
Qatar,2012,Oil and gas Exports,112469.02724835716
Kuwait,2012,Oil and gas Exports,107633.017309472
Emirates,2012,Total commodity imports,235381.97611389591
Bahrain,2012,Total commodity imports,8937.776787234023
Saudi Arabia,2012,Total commodity imports,145243.72993813336
Oman,2012,Total commodity imports,23787.77666319897
Qatar,2012,Total commodity imports,21189.366304425606
Kuwait,2012,Total commodity imports,23324.599869946087
Emirates,2012,Non-oil commodity imports,235381.97611389591
Bahrain,2012,Non-oil commodity imports,8937.776787234023
Saudi Arabia,2012,Non-oil commodity imports,145243.72993813336
Oman,2012,Non-oil commodity imports,23787.77666319897
Qatar,2012,Non-oil commodity imports,21189.366304425606
Kuwait,2012,Non-oil commodity imports,23324.599869946087
Emirates,2012,Goods trade exchange,485307.9241242938
Bahrain,2012,Goods trade exchange,23679.2507465319
Saudi Arabia,2012,Goods trade exchange,507953.65546373336
Oman,2012,Goods trade exchange,70143.3768192458
Qatar,2012,Goods trade exchange,145442.56298103742
Kuwait,2012,Goods trade exchange,135026.81896658707
Emirates,2012,Commodity trade balance,14543.971896501986
Bahrain,2012,Commodity trade balance,5803.697172063854
Saudi Arabia,2012,Commodity trade balance,217466.19558746667
Oman,2012,Commodity trade balance,22567.82349284785
Qatar,2012,Commodity trade balance,103063.8303721862
Kuwait,2012,Commodity trade balance,88377.6192266949
Emirates,2013,Total of Exports in Goods,283760.8219162555
Bahrain,2013,Total of Exports in Goods,24166.849084840665
Saudi Arabia,2013,Total of Exports in Goods,375872.8791242666
Oman,2013,Total of Exports in Goods,56428.98196618985
Qatar,2013,Total of Exports in Goods,133336.70571596152
Kuwait,2013,Total of Exports in Goods,114126.29821391148
Emirates,2013,National non-oil commodity exports,42205.96382679645
Bahrain,2013,National non-oil commodity exports,6283.3339490975
Saudi Arabia,2013,National non-oil commodity exports,45897.44316079994
Oman,2013,National non-oil commodity exports,9900.863050715232
Qatar,2013,National non-oil commodity exports,11776.956275436823
Kuwait,2013,National non-oil commodity exports,5068.397953140089
Emirates,2013,"National commodity exports, including oil",172590.73624634993
Bahrain,2013,"National commodity exports, including oil",21891.613826105757
Saudi Arabia,2013,"National commodity exports, including oil",367785.4654959999
Oman,2013,"National commodity exports, including oil",47218.51668140444
Qatar,2013,"National commodity exports, including oil",131750.7245383489
Kuwait,2013,"National commodity exports, including oil",112673.28567751148
Emirates,2013,Re Exports Goods,111170.08566990556
Bahrain,2013,Re Exports Goods,2275.235258734913
Saudi Arabia,2013,Re Exports Goods,8087.413628266665
Oman,2013,Re Exports Goods,9210.465284785416
Qatar,2013,Re Exports Goods,1585.9811776126355
Kuwait,2013,Re Exports Goods,1453.0125363999773
Emirates,2013,Oil and gas Exports,130384.77241955348
Bahrain,2013,Oil and gas Exports,15608.279877008254
Saudi Arabia,2013,Oil and gas Exports,321888.0223352
Oman,2013,Oil and gas Exports,37317.6536306892
Qatar,2013,Oil and gas Exports,119973.76826291208
Kuwait,2013,Oil and gas Exports,107604.8877243714
Emirates,2013,Total commodity imports,259748.48628323557
Bahrain,2013,Total commodity imports,18523.107028785787
Saudi Arabia,2013,Total commodity imports,168155.31549120002
Oman,2013,Total commodity imports,35577.46745383616
Qatar,2013,Total commodity imports,26865.30335118356
Kuwait,2013,Total commodity imports,29292.18804247425
Emirates,2013,Non-oil commodity imports,259748.48628323557
Bahrain,2013,Non-oil commodity imports,10036.907028785788
Saudi Arabia,2013,Non-oil commodity imports,168155.31549120002
Oman,2013,Non-oil commodity imports,35577.46745383616
Qatar,2013,Non-oil commodity imports,26865.30335118356
Kuwait,2013,Non-oil commodity imports,29292.18804247425
Bahrain,2013,Oil and gas imports,8486.2
Emirates,2013,Goods trade exchange,543509.3081994911
Bahrain,2013,Goods trade exchange,42689.95611362645
Saudi Arabia,2013,Goods trade exchange,544028.1946154666
Oman,2013,Goods trade exchange,92006.449420026
Qatar,2013,Goods trade exchange,160202.0090671451
Kuwait,2013,Goods trade exchange,143418.48625638572
Emirates,2013,Commodity trade balance,24012.33563301997
Bahrain,2013,Commodity trade balance,5643.742056054878
Saudi Arabia,2013,Commodity trade balance,207717.5636330666
Oman,2013,Commodity trade balance,20851.514512353693
Qatar,2013,Commodity trade balance,106471.40236477795
Kuwait,2013,Commodity trade balance,84834.11017143722
Emirates,2013,Total of Exports in Goods,248531.9666889824
Bahrain,2013,Total of Exports in Goods,14607.033073940478
Saudi Arabia,2013,Total of Exports in Goods,350469.2089970666
Oman,2013,Total of Exports in Goods,48069.65218985694
Qatar,2013,Total of Exports in Goods,125369.434699989
Kuwait,2013,Total of Exports in Goods,111064.93644416484
Emirates,2013,National non-oil commodity exports,33626.77287703733
Bahrain,2013,National non-oil commodity exports,2652.4202753166933
Saudi Arabia,2013,National non-oil commodity exports,37970.56068106661
Oman,2013,National non-oil commodity exports,5879.213908972683
Qatar,2013,National non-oil commodity exports,8958.496269637375
Kuwait,2013,National non-oil commodity exports,3796.074587349373
Emirates,2013,"National commodity exports, including oil",162214.9605787395
Bahrain,2013,"National commodity exports, including oil",14113.504290324949
Saudi Arabia,2013,"National commodity exports, including oil",346540.39451946656
Oman,2013,"National commodity exports, including oil",43196.867539661886
Qatar,2013,"National commodity exports, including oil",124378.48812822253
Kuwait,2013,"National commodity exports, including oil",110240.4246727814
Emirates,2013,Re Exports Goods,86317.00611024292
Bahrain,2013,Re Exports Goods,493.528783615529
Saudi Arabia,2013,Re Exports Goods,3928.814477599999
Oman,2013,Re Exports Goods,4872.784650195056
Qatar,2013,Re Exports Goods,990.9465717664826
Kuwait,2013,Re Exports Goods,824.5117713834456
Emirates,2013,Oil and gas Exports,128588.18770170218
Bahrain,2013,Oil and gas Exports,11461.084015008257
Saudi Arabia,2013,Oil and gas Exports,308569.8338384
Oman,2013,Oil and gas Exports,37317.6536306892
Qatar,2013,Oil and gas Exports,115419.99185858516
Kuwait,2013,Oil and gas Exports,106444.35008543202
Emirates,2013,Total commodity imports,249034.29255705877
Bahrain,2013,Total commodity imports,8111.86470037396
Saudi Arabia,2013,Total commodity imports,155235.9057128
Oman,2013,Total commodity imports,27431.208977893424
Qatar,2013,Total commodity imports,22963.12984830996
Kuwait,2013,Total commodity imports,24505.540112249382
Emirates,2013,Non-oil commodity imports,249034.29255705877
Bahrain,2013,Non-oil commodity imports,8111.86470037396
Saudi Arabia,2013,Non-oil commodity imports,155235.9057128
Oman,2013,Non-oil commodity imports,27431.208977893424
Qatar,2013,Non-oil commodity imports,22963.12984830996
Kuwait,2013,Non-oil commodity imports,24505.540112249382
Emirates,2013,Goods trade exchange,497566.2592460412
Bahrain,2013,Goods trade exchange,22718.89777431444
Saudi Arabia,2013,Goods trade exchange,505705.1147098666
Oman,2013,Goods trade exchange,75500.86116775036
Qatar,2013,Goods trade exchange,148332.56454829898
Kuwait,2013,Goods trade exchange,135570.4765564142
Emirates,2013,Commodity trade balance,-502.3258680763247
Bahrain,2013,Commodity trade balance,6495.168373566518
Saudi Arabia,2013,Commodity trade balance,195233.30328426656
Oman,2013,Commodity trade balance,20638.44321196352
Qatar,2013,Commodity trade balance,102406.30485167906
Kuwait,2013,Commodity trade balance,86559.39633191546
Emirates,2014,Total of Exports in Goods,258184.53947782144
Bahrain,2014,Total of Exports in Goods,23212.18789162497
Saudi Arabia,2014,Total of Exports in Goods,342432.41214293346
Oman,2014,Total of Exports in Goods,53220.88090767229
Qatar,2014,Total of Exports in Goods,126706.99743339996
Kuwait,2014,Total of Exports in Goods,100663.0131057384
Emirates,2014,National non-oil commodity exports,40709.95075617691
Bahrain,2014,National non-oil commodity exports,6151.141646547266
Saudi Arabia,2014,National non-oil commodity exports,49767.22249626673
Oman,2014,National non-oil commodity exports,8354.098803641087
Qatar,2014,National non-oil commodity exports,11340.96528832334
Kuwait,2014,National non-oil commodity exports,4492.142107547063
Emirates,2014,"National commodity exports, including oil",143524.45622075695
Bahrain,2014,"National commodity exports, including oil",21159.426818448104
Saudi Arabia,2014,"National commodity exports, including oil",334324.99368373345
Oman,2014,"National commodity exports, including oil",45563.93318335501
Qatar,2014,"National commodity exports, including oil",124813.84496537552
Kuwait,2014,"National commodity exports, including oil",98838.66323465132
Emirates,2014,Re Exports Goods,114660.08325706451
Bahrain,2014,Re Exports Goods,2052.761073176867
Saudi Arabia,2014,Re Exports Goods,8107.418459199998
Oman,2014,Re Exports Goods,7656.94772431728
Qatar,2014,Re Exports Goods,1893.1524680244515
Kuwait,2014,Re Exports Goods,1824.3498710870836
Emirates,2014,Oil and gas Exports,102814.50546458004
Bahrain,2014,Oil and gas Exports,15008.285171900838
Saudi Arabia,2014,Oil and gas Exports,284557.77118746674
Oman,2014,Oil and gas Exports,37209.83437971392
Qatar,2014,Oil and gas Exports,113472.87967705216
Kuwait,2014,Oil and gas Exports,94346.52112710426
Emirates,2014,Total commodity imports,266734.78393458435
Bahrain,2014,Total commodity imports,19704.724894832947
Saudi Arabia,2014,Total commodity imports,173833.53617973338
Oman,2014,Total commodity imports,30944.246577373146
Qatar,2014,Total commodity imports,30442.132376691243
Kuwait,2014,Total commodity imports,31025.345278346635
Emirates,2014,Non-oil commodity imports,266734.78393458435
Bahrain,2014,Non-oil commodity imports,12264.664831832948
Saudi Arabia,2014,Non-oil commodity imports,173833.53617973338
Oman,2014,Non-oil commodity imports,30944.246577373146
Qatar,2014,Non-oil commodity imports,30442.132376691243
Kuwait,2014,Non-oil commodity imports,31025.345278346635
Bahrain,2014,Oil and gas imports,7440.060063
Emirates,2014,Goods trade exchange,524919.3234124058
Bahrain,2014,Goods trade exchange,42916.91278645792
Saudi Arabia,2014,Goods trade exchange,516265.9483226668
Oman,2014,Goods trade exchange,84165.12748504544
Qatar,2014,Goods trade exchange,157149.1298100912
Kuwait,2014,Goods trade exchange,131688.35838408506
Emirates,2014,Commodity trade balance,-8550.244456762914
Bahrain,2014,Commodity trade balance,3507.4629967920228
Saudi Arabia,2014,Commodity trade balance,168598.8759632001
Oman,2014,Commodity trade balance,22276.634330299148
Qatar,2014,Commodity trade balance,96264.86505670872
Kuwait,2014,Commodity trade balance,69637.66782739178
Emirates,2014,Total of Exports in Goods,223735.5581248397
Bahrain,2014,Total of Exports in Goods,14522.725094024972
Saudi Arabia,2014,Total of Exports in Goods,316455.5126997335
Oman,2014,Total of Exports in Goods,44819.23334200261
Qatar,2014,Total of Exports in Goods,118780.7298597401
Kuwait,2014,Total of Exports in Goods,97546.60572455249
Emirates,2014,National non-oil commodity exports,32099.368011659542
Bahrain,2014,National non-oil commodity exports,2528.4330510897657
Saudi Arabia,2014,National non-oil commodity exports,41999.99079893343
Oman,2014,National non-oil commodity exports,5073.889141742521
Qatar,2014,National non-oil commodity exports,8634.257340475815
Kuwait,2014,National non-oil commodity exports,3358.35396824542
Emirates,2014,"National commodity exports, including oil",134245.94848666157
Bahrain,2014,"National commodity exports, including oil",14068.344256397851
Saudi Arabia,2014,"National commodity exports, including oil",312579.52090320014
Oman,2014,"National commodity exports, including oil",41643.03276983096
Qatar,2014,"National commodity exports, including oil",117619.37646704174
Kuwait,2014,"National commodity exports, including oil",96451.62783637672
Emirates,2014,Re Exports Goods,89489.60963817815
Bahrain,2014,Re Exports Goods,454.380837627121
Saudi Arabia,2014,Re Exports Goods,3875.991796533336
Oman,2014,Re Exports Goods,3176.200572171649
Qatar,2014,Re Exports Goods,1161.3533926983523
Kuwait,2014,Re Exports Goods,1094.977888175728
Emirates,2014,Oil and gas Exports,102146.58047500202
Bahrain,2014,Oil and gas Exports,11539.911205308086
Saudi Arabia,2014,Oil and gas Exports,270579.5301042667
Oman,2014,Oil and gas Exports,36569.14362808844
Qatar,2014,Oil and gas Exports,108985.11912656591
Kuwait,2014,Oil and gas Exports,93093.27386813132
Emirates,2014,Total commodity imports,255692.86535914737
Bahrain,2014,Total commodity imports,9973.224573631333
Saudi Arabia,2014,Total commodity imports,161088.79466399996
Oman,2014,Total commodity imports,25607.974915474537
Qatar,2014,Total commodity imports,25610.555403885992
Kuwait,2014,Total commodity imports,25836.83333675548
Emirates,2014,Non-oil commodity imports,255692.86535914737
Bahrain,2014,Non-oil commodity imports,9973.224573631333
Saudi Arabia,2014,Non-oil commodity imports,161088.79466399996
Oman,2014,Non-oil commodity imports,25607.974915474537
Qatar,2014,Non-oil commodity imports,25610.555403885992
Kuwait,2014,Non-oil commodity imports,25836.83333675548
Emirates,2014,Goods trade exchange,479428.4234839871
Bahrain,2014,Goods trade exchange,24495.949667656307
Saudi Arabia,2014,Goods trade exchange,477544.3073637334
Oman,2014,Goods trade exchange,70427.20825747715
Qatar,2014,Goods trade exchange,144391.28526362608
Kuwait,2014,Goods trade exchange,123383.43906130796
Emirates,2014,Commodity trade balance,-31957.307234307635
Bahrain,2014,Commodity trade balance,4549.50052039364
Saudi Arabia,2014,Commodity trade balance,155366.71803573353
Oman,2014,Commodity trade balance,19211.258426528075
Qatar,2014,Commodity trade balance,93170.17445585412
Kuwait,2014,Commodity trade balance,71709.77238779698
Emirates,2015,Total of Exports in Goods,215217.0505045883
Bahrain,2015,Total of Exports in Goods,16692.72030549945
Saudi Arabia,2015,Total of Exports in Goods,203550.15000586657
Oman,2015,Total of Exports in Goods,35686.349716514946
Qatar,2015,Total of Exports in Goods,77290.20140267258
Kuwait,2015,Total of Exports in Goods,54124.876414608014
Emirates,2015,National non-oil commodity exports,48235.04176279895
Bahrain,2015,National non-oil commodity exports,5084.20747702215
Saudi Arabia,2015,National non-oil commodity exports,42050.16066213327
Oman,2015,National non-oil commodity exports,6914.782514954483
Qatar,2015,National non-oil commodity exports,10188.23220451432
Kuwait,2015,National non-oil commodity exports,3932.203183062949
Emirates,2015,"National commodity exports, including oil",110544.91269943476
Bahrain,2015,"National commodity exports, including oil",13088.270153844634
Saudi Arabia,2015,"National commodity exports, including oil",194960.02331786655
Oman,2015,"National commodity exports, including oil",28998.22708972692
Qatar,2015,"National commodity exports, including oil",74679.58398897121
Kuwait,2015,"National commodity exports, including oil",52416.72534001031
Emirates,2015,Re Exports Goods,104672.13780515354
Bahrain,2015,Re Exports Goods,3604.450151654815
Saudi Arabia,2015,Re Exports Goods,8590.126687999991
Oman,2015,Re Exports Goods,6688.122626788031
Qatar,2015,Re Exports Goods,2610.6174137013754
Kuwait,2015,Re Exports Goods,1708.1510745977048
Emirates,2015,Oil and gas Exports,62309.87093663581
Bahrain,2015,Oil and gas Exports,8004.062676822486
Saudi Arabia,2015,Oil and gas Exports,152909.8626557333
Oman,2015,Oil and gas Exports,22083.444574772435
Qatar,2015,Oil and gas Exports,64491.351784456885
Kuwait,2015,Oil and gas Exports,48484.52215694736
Emirates,2015,Total commodity imports,255754.6615437409
Bahrain,2015,Total commodity imports,16427.30774726188
Saudi Arabia,2015,Total commodity imports,174675.5636085333
Oman,2015,Total commodity imports,29680.38688946681
Qatar,2015,Total commodity imports,32611.22430227778
Kuwait,2015,Total commodity imports,30965.710053081973
Emirates,2015,Non-oil commodity imports,255754.6615437409
Bahrain,2015,Non-oil commodity imports,12494.31025726188
Saudi Arabia,2015,Non-oil commodity imports,174675.5636085333
Oman,2015,Non-oil commodity imports,29680.38688946681
Qatar,2015,Non-oil commodity imports,32611.22430227778
Kuwait,2015,Non-oil commodity imports,30965.710053081973
Bahrain,2015,Oil and gas imports,3932.99749
Emirates,2015,Goods trade exchange,470971.7120483292
Bahrain,2015,Goods trade exchange,33120.02805276133
Saudi Arabia,2015,Goods trade exchange,378225.7136143999
Oman,2015,Goods trade exchange,65366.73660598176
Qatar,2015,Goods trade exchange,109901.42570495036
Kuwait,2015,Goods trade exchange,85090.58646768998
Emirates,2015,Commodity trade balance,-40537.61103915263
Bahrain,2015,Commodity trade balance,265.4125582375709
Saudi Arabia,2015,Commodity trade balance,28874.586397333274
Oman,2015,Commodity trade balance,6005.962827048137
Qatar,2015,Commodity trade balance,44678.9771003948
Kuwait,2015,Commodity trade balance,23159.16636152604
Emirates,2015,Total of Exports in Goods,177048.45568853756
Bahrain,2015,Total of Exports in Goods,8454.233175031823
Saudi Arabia,2015,Total of Exports in Goods,182480.9942874667
Oman,2015,Total of Exports in Goods,29053.4163953186
Qatar,2015,Total of Exports in Goods,71412.44918016103
Kuwait,2015,Total of Exports in Goods,51033.02570307083
Emirates,2015,National non-oil commodity exports,36172.992607991626
Bahrain,2015,National non-oil commodity exports,2478.892037387239
Saudi Arabia,2015,National non-oil commodity exports,33717.1868330667
Oman,2015,National non-oil commodity exports,4100.562650195056
Qatar,2015,National non-oil commodity exports,8279.89149371212
Kuwait,2015,National non-oil commodity exports,2912.2487036138605
Emirates,2015,"National commodity exports, including oil",97706.2267884854
Bahrain,2015,"National commodity exports, including oil",8164.227557966494
Saudi Arabia,2015,"National commodity exports, including oil",178378.82212266666
Oman,2015,"National commodity exports, including oil",25803.712270481148
Qatar,2015,"National commodity exports, including oil",69941.84399266295
Kuwait,2015,"National commodity exports, including oil",50145.73676979274
Emirates,2015,Re Exports Goods,79342.22890005217
Bahrain,2015,Re Exports Goods,290.00561706532915
Saudi Arabia,2015,Re Exports Goods,4102.172164800003
Oman,2015,Re Exports Goods,3249.7041248374503
Qatar,2015,Re Exports Goods,1470.605187498074
Kuwait,2015,Re Exports Goods,887.288933278091
Emirates,2015,Oil and gas Exports,61533.23418049378
Bahrain,2015,Oil and gas Exports,5685.335520579255
Saudi Arabia,2015,Oil and gas Exports,144661.63528959997
Oman,2015,Oil and gas Exports,21703.14962028609
Qatar,2015,Oil and gas Exports,61661.95249895084
Kuwait,2015,Oil and gas Exports,47233.48806617888
Emirates,2015,Total commodity imports,244706.23872631404
Bahrain,2015,Total commodity imports,10199.68028176369
Saudi Arabia,2015,Total commodity imports,161685.25073386656
Oman,2015,Total commodity imports,23401.625245773736
Qatar,2015,Total commodity imports,27507.44667191097
Kuwait,2015,Total commodity imports,26001.3988224276
Emirates,2015,Non-oil commodity imports,244706.23872631404
Bahrain,2015,Non-oil commodity imports,10199.68028176369
Saudi Arabia,2015,Non-oil commodity imports,161685.25073386656
Oman,2015,Non-oil commodity imports,23401.625245773736
Qatar,2015,Non-oil commodity imports,27507.44667191097
Kuwait,2015,Non-oil commodity imports,26001.3988224276
Emirates,2015,Goods trade exchange,421754.6944148516
Bahrain,2015,Goods trade exchange,18653.91345679551
Saudi Arabia,2015,Goods trade exchange,344166.2450213332
Oman,2015,Goods trade exchange,52455.041641092335
Qatar,2015,Goods trade exchange,98919.895852072
Kuwait,2015,Goods trade exchange,77034.42452549843
Emirates,2015,Commodity trade balance,-67657.78303777648
Bahrain,2015,Commodity trade balance,-1745.4471067318682
Saudi Arabia,2015,Commodity trade balance,20795.74355360013
Oman,2015,Commodity trade balance,5651.791149544864
Qatar,2015,Commodity trade balance,43905.00250825007
Kuwait,2015,Commodity trade balance,25031.62688064323
Emirates,2016,Total of Exports in Goods,197656.55911277892
Bahrain,2016,Total of Exports in Goods,12920.96891471533
Saudi Arabia,2016,Total of Exports in Goods,183579.47183093347
Oman,2016,Total of Exports in Goods,27544.616483745125
Qatar,2016,Total of Exports in Goods,57310.60565521127
Kuwait,2016,Total of Exports in Goods,46174.47893500132
Emirates,2016,National non-oil commodity exports,50373.55514982176
Bahrain,2016,National non-oil commodity exports,4747.022244978788
Saudi Arabia,2016,National non-oil commodity exports,39426.89612160008
Oman,2016,National non-oil commodity exports,5528.224106631999
Qatar,2016,National non-oil commodity exports,8220.130412398641
Kuwait,2016,National non-oil commodity exports,3241.722646942018
Emirates,2016,"National commodity exports, including oil",97640.93719658827
Bahrain,2016,"National commodity exports, including oil",11009.67407353763
Saudi Arabia,2016,"National commodity exports, including oil",175621.42602880014
Oman,2016,"National commodity exports, including oil",22196.649531859563
Qatar,2016,"National commodity exports, including oil",54958.59015669259
Kuwait,2016,"National commodity exports, including oil",44705.17245830024
Emirates,2016,Re Exports Goods,100015.62191619068
Bahrain,2016,Re Exports Goods,1911.2948411776997
Saudi Arabia,2016,Re Exports Goods,7958.045802133332
Oman,2016,Re Exports Goods,5347.966951885561
Qatar,2016,Re Exports Goods,2352.015498518682
Kuwait,2016,Re Exports Goods,1469.306476701085
Emirates,2016,Oil and gas Exports,47267.38204676652
Bahrain,2016,Oil and gas Exports,6262.651828558843
Saudi Arabia,2016,Oil and gas Exports,136194.52990720005
Oman,2016,Oil and gas Exports,16668.425425227564
Qatar,2016,Oil and gas Exports,46738.45974429395
Kuwait,2016,Oil and gas Exports,41463.44981135822
Emirates,2016,Total commodity imports,260367.02082640643
Bahrain,2016,Total commodity imports,14748.541217961225
Saudi Arabia,2016,Total commodity imports,140169.59008106662
Oman,2016,Total commodity imports,23783.97285565665
Qatar,2016,Total commodity imports,32060.10164375712
Kuwait,2016,Total commodity imports,30676.818612655505
Emirates,2016,Non-oil commodity imports,260367.02082640643
Bahrain,2016,Non-oil commodity imports,11601.107185961224
Saudi Arabia,2016,Non-oil commodity imports,140169.59008106662
Oman,2016,Non-oil commodity imports,23783.97285565665
Qatar,2016,Non-oil commodity imports,32060.10164375712
Kuwait,2016,Non-oil commodity imports,30676.818612655505
Bahrain,2016,Oil and gas imports,3147.434032
Emirates,2016,Goods trade exchange,458023.5799391854
Bahrain,2016,Goods trade exchange,27669.510132676554
Saudi Arabia,2016,Goods trade exchange,323749.06191200006
Oman,2016,Goods trade exchange,51328.58933940178
Qatar,2016,Goods trade exchange,89370.7072989684
Kuwait,2016,Goods trade exchange,76851.29754765682
Emirates,2016,Commodity trade balance,-62710.46171362748
Bahrain,2016,Commodity trade balance,-1827.5723032458957
Saudi Arabia,2016,Commodity trade balance,43409.88174986685
Oman,2016,Commodity trade balance,3760.64362808847
Qatar,2016,Commodity trade balance,25250.50401145415
Kuwait,2016,Commodity trade balance,15497.66032234582
Emirates,2016,Total of Exports in Goods,165239.71631298203
Bahrain,2016,Total of Exports in Goods,6899.830296349339
Saudi Arabia,2016,Total of Exports in Goods,162097.3883533334
Oman,2016,Total of Exports in Goods,22620.220533159947
Qatar,2016,Total of Exports in Goods,52057.84110719999
Kuwait,2016,Total of Exports in Goods,42591.63790992243
Emirates,2016,National non-oil commodity exports,40435.32629115035
Bahrain,2016,National non-oil commodity exports,2264.171145833041
Saudi Arabia,2016,National non-oil commodity exports,30825.746734933364
Oman,2016,National non-oil commodity exports,3023.718985695706
Qatar,2016,National non-oil commodity exports,6785.158608939568
Kuwait,2016,National non-oil commodity exports,2327.7424841143797
Emirates,2016,"National commodity exports, including oil",86610.803776057
Bahrain,2016,"National commodity exports, including oil",6602.62435233304
Saudi Arabia,2016,"National commodity exports, including oil",158495.37707386675
Oman,2016,"National commodity exports, including oil",19293.0813680104
Qatar,2016,"National commodity exports, including oil",50692.6902461868
Kuwait,2016,"National commodity exports, including oil",41844.74544566508
Emirates,2016,Re Exports Goods,78628.91253692507
Bahrain,2016,Re Exports Goods,297.2059440162992
Saudi Arabia,2016,Re Exports Goods,3602.0112794666634
Oman,2016,Re Exports Goods,3327.1391651495487
Qatar,2016,Re Exports Goods,1365.1508610131857
Kuwait,2016,Re Exports Goods,746.8924642573469
Emirates,2016,Oil and gas Exports,46175.477484906645
Bahrain,2016,Oil and gas Exports,4338.453206499999
Saudi Arabia,2016,Oil and gas Exports,127669.6303389334
Oman,2016,Oil and gas Exports,16269.362382314692
Qatar,2016,Oil and gas Exports,43907.53163724724
Kuwait,2016,Oil and gas Exports,39517.0029615507
Emirates,2016,Total commodity imports,246613.0585860427
Bahrain,2016,Total commodity imports,9397.84554298282
Saudi Arabia,2016,Total commodity imports,129227.5147127999
Oman,2016,Total commodity imports,19029.119924577328
Qatar,2016,Total commodity imports,26896.65729980354
Kuwait,2016,Total commodity imports,25775.365574530075
Emirates,2016,Non-oil commodity imports,246613.0585860427
Bahrain,2016,Non-oil commodity imports,9397.84554298282
Saudi Arabia,2016,Non-oil commodity imports,129227.5147127999
Oman,2016,Non-oil commodity imports,19029.119924577328
Qatar,2016,Non-oil commodity imports,26896.65729980354
Kuwait,2016,Non-oil commodity imports,25775.365574530075
Emirates,2016,Goods trade exchange,411852.7748990248
Bahrain,2016,Goods trade exchange,16297.675839332158
Saudi Arabia,2016,Goods trade exchange,291324.90306613327
Oman,2016,Goods trade exchange,41649.34045773727
Qatar,2016,Goods trade exchange,78954.49840700353
Kuwait,2016,Goods trade exchange,68367.0034844525
Emirates,2016,Commodity trade balance,-81373.34227306064
Bahrain,2016,Commodity trade balance,-2498.0152466334803
Saudi Arabia,2016,Commodity trade balance,32869.87364053351
Oman,2016,Commodity trade balance,3591.1006085826198
Qatar,2016,Commodity trade balance,25161.183807396446
Kuwait,2016,Commodity trade balance,16816.272335392354
Emirates,2017,Total of Exports in Goods,216432.0903820645
Bahrain,2017,Total of Exports in Goods,15525.740423037172
Saudi Arabia,2017,Total of Exports in Goods,221835.010088
Oman,2017,Total of Exports in Goods,32902.16198439532
Qatar,2017,Total of Exports in Goods,67498.17335023517
Kuwait,2017,Total of Exports in Goods,54977.781338387984
Emirates,2017,National non-oil commodity exports,48114.53110425545
Bahrain,2017,National non-oil commodity exports,5523.896659769115
Saudi Arabia,2017,National non-oil commodity exports,42968.60523893338
Oman,2017,National non-oil commodity exports,7214.105651495448
Qatar,2017,National non-oil commodity exports,8073.220736315931
Kuwait,2017,National non-oil commodity exports,3397.949431349912
Emirates,2017,"National commodity exports, including oil",107430.50786089536
Bahrain,2017,"National commodity exports, including oil",14128.654388482091
Saudi Arabia,2017,"National commodity exports, including oil",213209.2141344
Oman,2017,"National commodity exports, including oil",27417.104171651496
Qatar,2017,"National commodity exports, including oil",64879.07959972253
Kuwait,2017,"National commodity exports, including oil",52967.13899785724
Emirates,2017,Re Exports Goods,109001.58252116913
Bahrain,2017,Re Exports Goods,1397.0860345550786
Saudi Arabia,2017,Re Exports Goods,8625.795953599976
Oman,2017,Re Exports Goods,5485.0578127438175
Qatar,2017,Re Exports Goods,2619.093750512639
Kuwait,2017,Re Exports Goods,2010.64234053074
Emirates,2017,Oil and gas Exports,59315.976756639895
Bahrain,2017,Oil and gas Exports,8604.757728712979
Saudi Arabia,2017,Oil and gas Exports,170240.60889546663
Oman,2017,Oil and gas Exports,20202.99852015605
Qatar,2017,Oil and gas Exports,56805.8588634066
Kuwait,2017,Oil and gas Exports,49569.18956650733
Emirates,2017,Total commodity imports,257717.0279676871
Bahrain,2017,Total commodity imports,17390.913803717212
Saudi Arabia,2017,Total commodity imports,134519.0977965332
Oman,2017,Total commodity imports,27540.99173992199
Qatar,2017,Total commodity imports,29896.387065001025
Kuwait,2017,Total commodity imports,33568.37655513444
Emirates,2017,Non-oil commodity imports,257717.0279676871
Bahrain,2017,Non-oil commodity imports,13145.397882717212
Saudi Arabia,2017,Non-oil commodity imports,134519.0977965332
Oman,2017,Non-oil commodity imports,27540.99173992199
Qatar,2017,Non-oil commodity imports,29896.387065001025
Kuwait,2017,Non-oil commodity imports,33568.37655513444
Bahrain,2017,Oil and gas imports,4245.515921
Emirates,2017,Goods trade exchange,474149.1183497516
Bahrain,2017,Goods trade exchange,32916.654226754385
Saudi Arabia,2017,Goods trade exchange,356354.1078845332
Oman,2017,Goods trade exchange,60443.15372431731
Qatar,2017,Goods trade exchange,97394.5604152362
Kuwait,2017,Goods trade exchange,88546.15789352242
Emirates,2017,Commodity trade balance,-41284.937585622654
Bahrain,2017,Commodity trade balance,-1865.1733806800405
Saudi Arabia,2017,Commodity trade balance,87315.91229146678
Oman,2017,Commodity trade balance,5361.170244473327
Qatar,2017,Commodity trade balance,37601.78628523415
Kuwait,2017,Commodity trade balance,21409.404783253543
Emirates,2017,Total of Exports in Goods,183754.66885855256
Bahrain,2017,Total of Exports in Goods,9235.480234647404
Saudi Arabia,2017,Total of Exports in Goods,196847.1378802666
Oman,2017,Total of Exports in Goods,26103.07507672301
Qatar,2017,Total of Exports in Goods,63502.0826842044
Kuwait,2017,Total of Exports in Goods,51427.89097257901
Emirates,2017,National non-oil commodity exports,37095.00063664492
Bahrain,2017,National non-oil commodity exports,2743.0762904224484
Saudi Arabia,2017,National non-oil commodity exports,34319.875538933265
Oman,2017,National non-oil commodity exports,3637.223544863452
Qatar,2017,National non-oil commodity exports,7449.477216653847
Kuwait,2017,National non-oil commodity exports,2419.6354112411286
Emirates,2017,"National commodity exports, including oil",95184.44050743872
Bahrain,2017,"National commodity exports, including oil",8717.503603278405
Saudi Arabia,2017,"National commodity exports, including oil",192899.99023093324
Oman,2017,"National commodity exports, including oil",22954.213237971388
Qatar,2017,"National commodity exports, including oil",61972.615416593406
Kuwait,2017,"National commodity exports, including oil",50317.67524157522
Emirates,2017,Re Exports Goods,88570.22835111384
Bahrain,2017,Re Exports Goods,517.9766313689994
Saudi Arabia,2017,Re Exports Goods,3947.147649333333
Oman,2017,Re Exports Goods,3148.8618387516217
Qatar,2017,Re Exports Goods,1529.4672676109917
Kuwait,2017,Re Exports Goods,1110.2157310037908
Emirates,2017,Oil and gas Exports,58089.43987079381
Bahrain,2017,Oil and gas Exports,5974.427312855955
Saudi Arabia,2017,Oil and gas Exports,158580.11469199997
Oman,2017,Oil and gas Exports,19316.98969310793
Qatar,2017,Oil and gas Exports,54523.13819993956
Kuwait,2017,Oil and gas Exports,47898.03983033409
Emirates,2017,Total commodity imports,243935.3414197408
Bahrain,2017,Total commodity imports,10638.55803010522
Saudi Arabia,2017,Total commodity imports,122417.9544005332
Oman,2017,Total commodity imports,22300.690369310792
Qatar,2017,Total commodity imports,26376.797515041675
Kuwait,2017,Total commodity imports,28221.438190209305
Emirates,2017,Non-oil commodity imports,243935.3414197408
Bahrain,2017,Non-oil commodity imports,10638.55803010522
Saudi Arabia,2017,Non-oil commodity imports,122417.9544005332
Oman,2017,Non-oil commodity imports,22300.690369310792
Qatar,2017,Non-oil commodity imports,26376.797515041675
Kuwait,2017,Non-oil commodity imports,28221.438190209305
Emirates,2017,Goods trade exchange,427690.0102782933
Bahrain,2017,Goods trade exchange,19874.038264752624
Saudi Arabia,2017,Goods trade exchange,319265.0922807998
Oman,2017,Goods trade exchange,48403.7654460338
Qatar,2017,Goods trade exchange,89878.88019924608
Kuwait,2017,Goods trade exchange,79649.32916278832
Emirates,2017,Commodity trade balance,-60180.67256118823
Bahrain,2017,Commodity trade balance,-1403.0777954578189
Saudi Arabia,2017,Commodity trade balance,74429.18347973337
Oman,2017,Commodity trade balance,3802.384707412217
Qatar,2017,Commodity trade balance,37125.28516916272
Kuwait,2017,Commodity trade balance,23206.45278236971
Emirates,2018,Total of Exports in Goods,240931.4887236621
Bahrain,2018,Total of Exports in Goods,18043.85450572955
Saudi Arabia,2018,Total of Exports in Goods,294373.46293093334
Oman,2018,Total of Exports in Goods,41760.97991677502
Qatar,2018,Total of Exports in Goods,84288.4967013143
Kuwait,2018,Total of Exports in Goods,71773.65826878136
Emirates,2018,National non-oil commodity exports,54501.64401516668
Bahrain,2018,National non-oil commodity exports,6057.675561680271
Saudi Arabia,2018,National non-oil commodity exports,54338.534314933415
Oman,2018,National non-oil commodity exports,9174.06222106631
Qatar,2018,National non-oil commodity exports,9061.780802399182
Kuwait,2018,National non-oil commodity exports,4486.441710659663
Emirates,2018,"National commodity exports, including oil",123422.60225768814
Bahrain,2018,"National commodity exports, including oil",16674.97843879006
Saudi Arabia,2018,"National commodity exports, including oil",285923.1749352
Oman,2018,"National commodity exports, including oil",36967.36825227567
Qatar,2018,"National commodity exports, including oil",81570.97555989727
Kuwait,2018,"National commodity exports, including oil",69842.27380090342
Emirates,2018,Re Exports Goods,117508.886465974
Bahrain,2018,Re Exports Goods,1368.8760669394885
Saudi Arabia,2018,Re Exports Goods,8450.287995733346
Oman,2018,Re Exports Goods,4793.611664499344
Qatar,2018,Re Exports Goods,2717.521141417032
Kuwait,2018,Re Exports Goods,1931.384467877937
Emirates,2018,Oil and gas Exports,68920.95824252146
Bahrain,2018,Oil and gas Exports,10617.30287710979
Saudi Arabia,2018,Oil and gas Exports,231584.6406202666
Oman,2018,Oil and gas Exports,27793.30603120936
Qatar,2018,Oil and gas Exports,72509.19475749809
Kuwait,2018,Oil and gas Exports,65355.83209024376
Emirates,2018,Total commodity imports,244651.06096871008
Bahrain,2018,Total commodity imports,20597.569355260548
Saudi Arabia,2018,Total commodity imports,137064.7173863994
Oman,2018,Total commodity imports,26820.80456957081
Qatar,2018,Total commodity imports,31695.94464824389
Kuwait,2018,Total commodity imports,35585.26644189938
Emirates,2018,Non-oil commodity imports,244651.06096871008
Bahrain,2018,Non-oil commodity imports,14877.24468926055
Saudi Arabia,2018,Non-oil commodity imports,137064.7173863994
Oman,2018,Non-oil commodity imports,26820.80456957081
Qatar,2018,Non-oil commodity imports,31695.94464824389
Kuwait,2018,Non-oil commodity imports,35585.26644189938
Bahrain,2018,Oil and gas imports,5720.324665999999
Emirates,2018,Goods trade exchange,485582.5496923722
Bahrain,2018,Goods trade exchange,38641.42386099009
Saudi Arabia,2018,Goods trade exchange,431438.1803173328
Oman,2018,Goods trade exchange,68581.78448634583
Qatar,2018,Goods trade exchange,115984.4413495582
Kuwait,2018,Goods trade exchange,107358.92471068076
Emirates,2018,Commodity trade balance,-3719.5722450479807
Bahrain,2018,Commodity trade balance,-2553.714849531
Saudi Arabia,2018,Commodity trade balance,157308.74554453394
Oman,2018,Commodity trade balance,14940.175347204207
Qatar,2018,Commodity trade balance,52592.55205307041
Kuwait,2018,Commodity trade balance,36188.39182688198
Emirates,2018,Total of Exports in Goods,194850.27911855053
Bahrain,2018,Total of Exports in Goods,11199.20933044012
Saudi Arabia,2018,Total of Exports in Goods,267065.96410506667
Oman,2018,Total of Exports in Goods,34692.21646814044
Qatar,2018,Total of Exports in Goods,81066.28504350827
Kuwait,2018,Total of Exports in Goods,67724.6705238104
Emirates,2018,National non-oil commodity exports,36877.4601386249
Bahrain,2018,National non-oil commodity exports,3152.8200557529703
Saudi Arabia,2018,National non-oil commodity exports,45636.13324026672
Oman,2018,National non-oil commodity exports,4834.861094928478
Qatar,2018,National non-oil commodity exports,8571.822724986823
Kuwait,2018,National non-oil commodity exports,3394.709417702736
Emirates,2018,"National commodity exports, including oil",104179.79286398554
Bahrain,2018,"National commodity exports, including oil",10611.782470664884
Saudi Arabia,2018,"National commodity exports, including oil",262546.63544640003
Oman,2018,"National commodity exports, including oil",32050.83677503251
Qatar,2018,"National commodity exports, including oil",79401.00960490799
Kuwait,2018,"National commodity exports, including oil",66513.20757397235
Emirates,2018,Re Exports Goods,90670.486254565
Bahrain,2018,Re Exports Goods,587.4268597752387
Saudi Arabia,2018,Re Exports Goods,4519.328658666671
Oman,2018,Re Exports Goods,2641.379693107927
Qatar,2018,Re Exports Goods,1665.2754386002746
Kuwait,2018,Re Exports Goods,1211.4629498380482
Emirates,2018,Oil and gas Exports,67302.33272536064
Bahrain,2018,Oil and gas Exports,7458.962414911913
Saudi Arabia,2018,Oil and gas Exports,216910.5022061333
Oman,2018,Oil and gas Exports,27215.97568010403
Qatar,2018,Oil and gas Exports,70829.18687992117
Kuwait,2018,Oil and gas Exports,63118.49815626962
Emirates,2018,Total commodity imports,229263.0926103667
Bahrain,2018,Total commodity imports,12167.397952368325
Saudi Arabia,2018,Total commodity imports,121884.93483733312
Oman,2018,Total commodity imports,21206.3395240571
Qatar,2018,Total commodity imports,30303.103358345543
Kuwait,2018,Total commodity imports,29359.107785601216
Emirates,2018,Non-oil commodity imports,229263.0926103667
Bahrain,2018,Non-oil commodity imports,12167.397952368325
Saudi Arabia,2018,Non-oil commodity imports,121884.93483733312
Oman,2018,Non-oil commodity imports,21206.3395240571
Qatar,2018,Non-oil commodity imports,30303.103358345543
Kuwait,2018,Non-oil commodity imports,29359.107785601216
Emirates,2018,Goods trade exchange,424113.3717289172
Bahrain,2018,Goods trade exchange,23366.607282808443
Saudi Arabia,2018,Goods trade exchange,388950.89894239977
Oman,2018,Goods trade exchange,55898.55599219754
Qatar,2018,Goods trade exchange,111369.3884018538
Kuwait,2018,Goods trade exchange,97083.77830941162
Emirates,2018,Commodity trade balance,-34412.81349181617
Bahrain,2018,Commodity trade balance,-968.1886219282042
Saudi Arabia,2018,Commodity trade balance,145181.02926773354
Oman,2018,Commodity trade balance,13485.876944083338
Qatar,2018,Commodity trade balance,50763.18168516272
Kuwait,2018,Commodity trade balance,38365.56273820919
Emirates,2019,Total of Exports in Goods,247637.03728649172
Bahrain,2019,Total of Exports in Goods,18117.4364064052
Saudi Arabia,2019,Total of Exports in Goods,261603.29688506693
Oman,2019,Total of Exports in Goods,38705.2359869961
Qatar,2019,Total of Exports in Goods,72934.94831658764
Kuwait,2019,Total of Exports in Goods,64357.92830537364
Emirates,2019,National non-oil commodity exports,58353.036306023714
Bahrain,2019,National non-oil commodity exports,6086.432649011325
Saudi Arabia,2019,National non-oil commodity exports,49955.27133120024
Oman,2019,National non-oil commodity exports,8273.297328998702
Qatar,2019,National non-oil commodity exports,7886.957933283797
Kuwait,2019,National non-oil commodity exports,3492.1319511231145
Emirates,2019,"National commodity exports, including oil",123086.9082229604
Bahrain,2019,"National commodity exports, including oil",16003.413441712351
Saudi Arabia,2019,"National commodity exports, including oil",250442.77231306693
Oman,2019,"National commodity exports, including oil",34934.05472821847
Qatar,2019,"National commodity exports, including oil",70485.77294960606
Kuwait,2019,"National commodity exports, including oil",62221.36364560156
Emirates,2019,Re Exports Goods,124550.12906353136
Bahrain,2019,Re Exports Goods,2114.022964692851
Saudi Arabia,2019,Re Exports Goods,11160.52457199999
Oman,2019,Re Exports Goods,3771.18125877763
Qatar,2019,Re Exports Goods,2449.17536698159
Kuwait,2019,Re Exports Goods,2136.564659772084
Emirates,2019,Oil and gas Exports,64733.87191693669
Bahrain,2019,Oil and gas Exports,9916.980792701026
Saudi Arabia,2019,Oil and gas Exports,200487.5009818667
Oman,2019,Oil and gas Exports,26660.75739921977
Qatar,2019,Oil and gas Exports,62598.81501632226
Kuwait,2019,Oil and gas Exports,58729.23169447845
Emirates,2019,Total commodity imports,249108.64963562143
Bahrain,2019,Total commodity imports,18589.04630870899
Saudi Arabia,2019,Total commodity imports,153163.05456106688
Oman,2019,Total commodity imports,24276.64106111829
Qatar,2019,Total commodity imports,29178.062039192053
Kuwait,2019,Total commodity imports,33477.93782688885
Emirates,2019,Non-oil commodity imports,249108.64963562143
Bahrain,2019,Non-oil commodity imports,13255.594790708989
Saudi Arabia,2019,Non-oil commodity imports,153163.05456106688
Oman,2019,Non-oil commodity imports,22856.48218985693
Qatar,2019,Non-oil commodity imports,29178.062039192053
Kuwait,2019,Non-oil commodity imports,33477.93782688885
Bahrain,2019,Oil and gas imports,5333.451518
Emirates,2019,Goods trade exchange,496745.6869221132
Bahrain,2019,Goods trade exchange,36706.482715114194
Saudi Arabia,2019,Goods trade exchange,414766.3514461338
Oman,2019,Goods trade exchange,62981.87704811439
Qatar,2019,Goods trade exchange,102113.0103557797
Kuwait,2019,Goods trade exchange,97835.86613226248
Emirates,2019,Commodity trade balance,-1471.6123491297185
Bahrain,2019,Commodity trade balance,-471.60990230378593
Saudi Arabia,2019,Commodity trade balance,108440.24232400004
Oman,2019,Commodity trade balance,14428.59492587781
Qatar,2019,Commodity trade balance,43756.88627739559
Kuwait,2019,Commodity trade balance,30879.9904784848
Emirates,2019,Total of Exports in Goods,199830.96139283408
Bahrain,2019,Total of Exports in Goods,11004.48961647243
Saudi Arabia,2019,Total of Exports in Goods,237794.57067733357
Oman,2019,Total of Exports in Goods,32510.3815396619
Qatar,2019,Total of Exports in Goods,70500.47604743544
Kuwait,2019,Total of Exports in Goods,60594.56631675369
Emirates,2019,National non-oil commodity exports,41955.51561038051
Bahrain,2019,National non-oil commodity exports,3325.6768960156683
Saudi Arabia,2019,National non-oil commodity exports,42229.799821066845
Oman,2019,National non-oil commodity exports,4435.507906371911
Qatar,2019,National non-oil commodity exports,7628.759214749181
Kuwait,2019,National non-oil commodity exports,2455.2393287662235
Emirates,2019,"National commodity exports, including oil",105335.29312314892
Bahrain,2019,"National commodity exports, including oil",10322.185116874376
Saudi Arabia,2019,"National commodity exports, including oil",232461.25815573355
Oman,2019,"National commodity exports, including oil",30861.09188296489
Qatar,2019,"National commodity exports, including oil",68558.98750716484
Kuwait,2019,"National commodity exports, including oil",59257.08966831156
Emirates,2019,Re Exports Goods,94495.66826968516
Bahrain,2019,Re Exports Goods,682.3044995980546
Saudi Arabia,2019,Re Exports Goods,5333.312521599992
Oman,2019,Re Exports Goods,1649.2896566970062
Qatar,2019,Re Exports Goods,1941.4885402706047
Kuwait,2019,Re Exports Goods,1337.4766484421305
Emirates,2019,Oil and gas Exports,63379.77751276842
Bahrain,2019,Oil and gas Exports,6996.508220858708
Saudi Arabia,2019,Oil and gas Exports,190231.4583346667
Oman,2019,Oil and gas Exports,26425.58397659298
Qatar,2019,Oil and gas Exports,60930.22829241566
Kuwait,2019,Oil and gas Exports,56801.85033954534
Emirates,2019,Total commodity imports,233748.1179100659
Bahrain,2019,Total commodity imports,11091.553281637012
Saudi Arabia,2019,Total commodity imports,138399.1340986665
Oman,2019,Total commodity imports,19940.724871261387
Qatar,2019,Total commodity imports,27884.56193249204
Kuwait,2019,Total commodity imports,27848.74037942166
Emirates,2019,Non-oil commodity imports,233748.1179100659
Bahrain,2019,Non-oil commodity imports,11091.553281637012
Saudi Arabia,2019,Non-oil commodity imports,138399.1340986665
Oman,2019,Non-oil commodity imports,18548.071362808845
Qatar,2019,Non-oil commodity imports,27884.56193249204
Kuwait,2019,Non-oil commodity imports,27848.74037942166
Emirates,2019,Goods trade exchange,433579.0793029
Bahrain,2019,Goods trade exchange,22096.042898109445
Saudi Arabia,2019,Goods trade exchange,376193.704776
Oman,2019,Goods trade exchange,52451.10641092328
Qatar,2019,Goods trade exchange,98385.03797992748
Kuwait,2019,Goods trade exchange,88443.30669617535
Emirates,2019,Commodity trade balance,-33917.15651723181
Bahrain,2019,Commodity trade balance,-87.06366516458183
Saudi Arabia,2019,Commodity trade balance,99395.43657866704
Oman,2019,Commodity trade balance,12569.656668400512
Qatar,2019,Commodity trade balance,42615.9141149434
Kuwait,2019,Commodity trade balance,32745.825937332032
Emirates,2020,Total of Exports in Goods,206658.87313447
Bahrain,2020,Total of Exports in Goods,14084.460335201711
Saudi Arabia,2020,Total of Exports in Goods,173853.85671599998
Oman,2020,Total of Exports in Goods,31806.76833550065
Qatar,2020,Total of Exports in Goods,51504.15331937581
Kuwait,2020,Total of Exports in Goods,39930.95399007381
Emirates,2020,National non-oil commodity exports,66826.69011110428
Bahrain,2020,National non-oil commodity exports,6337.935724608258
Saudi Arabia,2020,National non-oil commodity exports,45061.67647146666
Oman,2020,National non-oil commodity exports,8848.472382314698
Qatar,2020,National non-oil commodity exports,6504.879415797533
Kuwait,2020,National non-oil commodity exports,2637.3185332723788
Emirates,2020,"National commodity exports, including oil",107703.63097542016
Bahrain,2020,"National commodity exports, including oil",12287.32225717666
Saudi Arabia,2020,"National commodity exports, including oil",164421.4698741333
Oman,2020,"National commodity exports, including oil",27149.99254096229
Qatar,2020,"National commodity exports, including oil",48641.5138194401
Kuwait,2020,"National commodity exports, including oil",38425.25065303992
Emirates,2020,Re Exports Goods,98955.24215904986
Bahrain,2020,Re Exports Goods,1797.1380780250513
Saudi Arabia,2020,Re Exports Goods,9432.386841866684
Oman,2020,Re Exports Goods,4656.775794538361
Qatar,2020,Re Exports Goods,2862.639499935711
Kuwait,2020,Re Exports Goods,1505.7033370338925
Emirates,2020,Oil and gas Exports,40876.94086431586
Bahrain,2020,Oil and gas Exports,5949.386532568402
Saudi Arabia,2020,Oil and gas Exports,119359.79340266663
Oman,2020,Oil and gas Exports,18301.52015864759
Qatar,2020,Oil and gas Exports,42136.634403642565
Kuwait,2020,Oil and gas Exports,35787.93211976754
Emirates,2020,Total commodity imports,213781.3652473792
Bahrain,2020,Total commodity imports,15536.047312457593
Saudi Arabia,2020,Total commodity imports,137997.49180533292
Oman,2020,Total commodity imports,28299.998931079183
Qatar,2020,Total commodity imports,25834.883289413985
Kuwait,2020,Total commodity imports,27777.60255665116
Emirates,2020,Non-oil commodity imports,213781.3652473792
Bahrain,2020,Non-oil commodity imports,12759.589625457593
Saudi Arabia,2020,Non-oil commodity imports,137997.49180533292
Oman,2020,Non-oil commodity imports,28299.998931079183
Qatar,2020,Non-oil commodity imports,25834.883289413985
Kuwait,2020,Non-oil commodity imports,27777.60255665116
Bahrain,2020,Oil and gas imports,2776.4576870000005
Emirates,2020,Goods trade exchange,420440.2383818492
Bahrain,2020,Goods trade exchange,29620.507647659306
Saudi Arabia,2020,Goods trade exchange,311851.3485213329
Oman,2020,Goods trade exchange,60106.76726657983
Qatar,2020,Goods trade exchange,77339.03660878979
Kuwait,2020,Goods trade exchange,67708.55654672497
Emirates,2020,Commodity trade balance,-7122.492112909211
Bahrain,2020,Commodity trade balance,-1451.58697725588
Saudi Arabia,2020,Commodity trade balance,35856.364910667064
Oman,2020,Commodity trade balance,3506.769404421466
Qatar,2020,Commodity trade balance,25669.270029961823
Kuwait,2020,Commodity trade balance,12153.35143342265
Emirates,2020,Total of Exports in Goods,164129.8566743428
Bahrain,2020,Total of Exports in Goods,9086.015715081388
Saudi Arabia,2020,Total of Exports in Goods,154616.74796319992
Oman,2020,Total of Exports in Goods,24816.199732119625
Qatar,2020,Total of Exports in Goods,48774.66375561539
Kuwait,2020,Total of Exports in Goods,37164.12480009306
Emirates,2020,National non-oil commodity exports,53844.30667212529
Bahrain,2020,National non-oil commodity exports,3772.561720181233
Saudi Arabia,2020,National non-oil commodity exports,36964.718608266616
Oman,2020,National non-oil commodity exports,5257.260270481141
Qatar,2020,National non-oil commodity exports,6280.105770228574
Kuwait,2020,National non-oil commodity exports,1755.51067067198
Emirates,2020,"National commodity exports, including oil",93440.72478637802
Bahrain,2020,"National commodity exports, including oil",8396.362326484255
Saudi Arabia,2020,"National commodity exports, including oil",150510.25917813327
Oman,2020,"National commodity exports, including oil",23299.748452535758
Qatar,2020,"National commodity exports, including oil",46870.09031998105
Kuwait,2020,"National commodity exports, including oil",36461.23032807582
Emirates,2020,Re Exports Goods,70689.13188796477
Bahrain,2020,Re Exports Goods,689.6533885971313
Saudi Arabia,2020,Re Exports Goods,4106.488785066663
Oman,2020,Re Exports Goods,1516.4512795838723
Qatar,2020,Re Exports Goods,1904.5734356343405
Kuwait,2020,Re Exports Goods,702.8944720172408
Emirates,2020,Oil and gas Exports,39596.41811425273
Bahrain,2020,Oil and gas Exports,4623.800606303023
Saudi Arabia,2020,Oil and gas Exports,113545.54056986664
Oman,2020,Oil and gas Exports,18042.48818205461
Qatar,2020,Oil and gas Exports,40589.98454975247
Kuwait,2020,Oil and gas Exports,34705.71965740384
Emirates,2020,Total commodity imports,201856.41279905237
Bahrain,2020,Total commodity imports,10740.697323424178
Saudi Arabia,2020,Total commodity imports,124885.34931119993
Oman,2020,Total commodity imports,22095.97150585172
Qatar,2020,Total commodity imports,25005.13517400217
Kuwait,2020,Total commodity imports,22977.252697054777
Emirates,2020,Non-oil commodity imports,201856.41279905237
Bahrain,2020,Non-oil commodity imports,10740.697323424178
Saudi Arabia,2020,Non-oil commodity imports,124885.34931119993
Oman,2020,Non-oil commodity imports,22095.97150585172
Qatar,2020,Non-oil commodity imports,25005.13517400217
Kuwait,2020,Non-oil commodity imports,22977.252697054777
Emirates,2020,Goods trade exchange,365986.2694733952
Bahrain,2020,Goods trade exchange,19826.713038505564
Saudi Arabia,2020,Goods trade exchange,279502.0972743998
Oman,2020,Goods trade exchange,46912.17123797134
Qatar,2020,Goods trade exchange,73779.79892961757
Kuwait,2020,Goods trade exchange,60141.37749714784
Emirates,2020,Commodity trade balance,-37726.55612470955
Bahrain,2020,Commodity trade balance,-1654.6816083427912
Saudi Arabia,2020,Commodity trade balance,29731.398652000003
Oman,2020,Commodity trade balance,2720.2282262679078
Qatar,2020,Commodity trade balance,23769.528581613216
Kuwait,2020,Commodity trade balance,14186.87210303828
Emirates,2021,Total of Exports in Goods,279407.5755558972
Bahrain,2021,Total of Exports in Goods,22368.57958943676
Saudi Arabia,2021,Total of Exports in Goods,276179.0935264
Oman,2021,Total of Exports in Goods,43090.86791157348
Qatar,2021,Total of Exports in Goods,87203.366774011
Kuwait,2021,Total of Exports in Goods,68294.25811563454
Emirates,2021,National non-oil commodity exports,86594.74298233943
Bahrain,2021,National non-oil commodity exports,10612.953104364242
Saudi Arabia,2021,National non-oil commodity exports,61731.87326880002
Oman,2021,National non-oil commodity exports,13005.045734720425
Qatar,2021,National non-oil commodity exports,10791.018595961556
Kuwait,2021,National non-oil commodity exports,3282.879879989392
Emirates,2021,"National commodity exports, including oil",153263.68505792282
Bahrain,2021,"National commodity exports, including oil",20561.55652653909
Saudi Arabia,2021,"National commodity exports, including oil",263898.2361866667
Oman,2021,"National commodity exports, including oil",39661.98389336802
Qatar,2021,"National commodity exports, including oil",84389.02901983519
Kuwait,2021,"National commodity exports, including oil",66307.11225964727
Emirates,2021,Re Exports Goods,126143.8904979744
Bahrain,2021,Re Exports Goods,1807.0230628976683
Saudi Arabia,2021,Re Exports Goods,12280.857339733366
Oman,2021,Re Exports Goods,3428.8840182054587
Qatar,2021,Re Exports Goods,2814.3377541758227
Kuwait,2021,Re Exports Goods,1987.1458559872665
Emirates,2021,Oil and gas Exports,66668.94207558339
Bahrain,2021,Oil and gas Exports,9948.603422174852
Saudi Arabia,2021,Oil and gas Exports,202166.36291786667
Oman,2021,Oil and gas Exports,26656.9381586476
Qatar,2021,Oil and gas Exports,73598.01042387362
Kuwait,2021,Oil and gas Exports,63024.23237965788
Emirates,2021,Total commodity imports,270334.3348740264
Bahrain,2021,Total commodity imports,18878.31117191712
Saudi Arabia,2021,Total commodity imports,152849.37262453328
Oman,2021,Total commodity imports,31262.93636924055
Qatar,2021,Total commodity imports,27985.40384402988
Kuwait,2021,Total commodity imports,31879.91362882904
Emirates,2021,Non-oil commodity imports,270334.3348740264
Bahrain,2021,Non-oil commodity imports,14137.78630891712
Saudi Arabia,2021,Non-oil commodity imports,152849.37262453328
Oman,2021,Non-oil commodity imports,31262.93636924055
Qatar,2021,Non-oil commodity imports,27985.40384402988
Kuwait,2021,Non-oil commodity imports,31879.91362882904
Bahrain,2021,Oil and gas imports,4740.524863
Emirates,2021,Goods trade exchange,549741.9104299236
Bahrain,2021,Goods trade exchange,41246.89076135388
Saudi Arabia,2021,Goods trade exchange,429028.4661509333
Oman,2021,Goods trade exchange,74353.80428081403
Qatar,2021,Goods trade exchange,115188.77061804089
Kuwait,2021,Goods trade exchange,100174.1717444636
Emirates,2021,Commodity trade balance,9073.240681870782
Bahrain,2021,Commodity trade balance,3490.268417519641
Saudi Arabia,2021,Commodity trade balance,123329.72090186676
Oman,2021,Commodity trade balance,11827.931542332928
Qatar,2021,Commodity trade balance,59217.96292998112
Kuwait,2021,Commodity trade balance,36414.3444868055
Emirates,2021,Total of Exports in Goods,225813.82743869623
Bahrain,2021,Total of Exports in Goods,14775.737524125236
Saudi Arabia,2021,Total of Exports in Goods,250380.6303488
Oman,2021,Total of Exports in Goods,36614.04043172952
Qatar,2021,Total of Exports in Goods,81244.36462307695
Kuwait,2021,Total of Exports in Goods,64832.17739771566
Emirates,2021,National non-oil commodity exports,67605.83972563413
Bahrain,2021,National non-oil commodity exports,6782.691582493858
Saudi Arabia,2021,National non-oil commodity exports,52679.25371466664
Oman,2021,National non-oil commodity exports,8757.193815344604
Qatar,2021,National non-oil commodity exports,10263.35619170331
Kuwait,2021,National non-oil commodity exports,2362.5525295053694
Emirates,2021,"National commodity exports, including oil",132112.76496076817
Bahrain,2021,"National commodity exports, including oil",14092.97142976036
Saudi Arabia,2021,"National commodity exports, including oil",244706.7690608
Oman,2021,"National commodity exports, including oil",35141.282023407024
Qatar,2021,"National commodity exports, including oil",79498.00858906595
Kuwait,2021,"National commodity exports, including oil",63918.53018580742
Emirates,2021,Re Exports Goods,93701.06247792803
Bahrain,2021,Re Exports Goods,682.7660943648744
Saudi Arabia,2021,Re Exports Goods,5673.861288
Oman,2021,Re Exports Goods,1472.7584083224972
Qatar,2021,Re Exports Goods,1746.3560340109896
Kuwait,2021,Re Exports Goods,913.6472119082358
Emirates,2021,Oil and gas Exports,64506.925235134055
Bahrain,2021,Oil and gas Exports,7310.279847266504
Saudi Arabia,2021,Oil and gas Exports,192027.51534613327
Oman,2021,Oil and gas Exports,26384.088208062414
Qatar,2021,Oil and gas Exports,69234.65239736265
Kuwait,2021,Oil and gas Exports,61555.97765630206
Emirates,2021,Total commodity imports,254989.0475620504
Bahrain,2021,Total commodity imports,11844.55576357218
Saudi Arabia,2021,Total commodity imports,135320.04205973345
Oman,2021,Total commodity imports,23088.58201553442
Qatar,2021,Total commodity imports,27063.534002950742
Kuwait,2021,Total commodity imports,25642.372016310783
Emirates,2021,Non-oil commodity imports,254989.0475620504
Bahrain,2021,Non-oil commodity imports,11844.55576357218
Saudi Arabia,2021,Non-oil commodity imports,135320.04205973345
Oman,2021,Non-oil commodity imports,23088.58201553442
Qatar,2021,Non-oil commodity imports,27063.534002950742
Kuwait,2021,Non-oil commodity imports,25642.372016310783
Emirates,2021,Goods trade exchange,480802.8750007466
Bahrain,2021,Goods trade exchange,26620.293287697416
Saudi Arabia,2021,Goods trade exchange,385700.6724085334
Oman,2021,Goods trade exchange,59702.62244726394
Qatar,2021,Goods trade exchange,108307.8986260277
Kuwait,2021,Goods trade exchange,90474.54941402643
Emirates,2021,Commodity trade balance,-29175.22012335417
Bahrain,2021,Commodity trade balance,2931.181760553056
Saudi Arabia,2021,Commodity trade balance,115060.58828906654
Oman,2021,Commodity trade balance,13525.4584161951
Qatar,2021,Commodity trade balance,54180.8306201262
Kuwait,2021,Commodity trade balance,39189.80538140488
Emirates,2022,Total of Exports in Goods,351903.7852797417
Bahrain,2022,Total of Exports in Goods,30193.97712220644
Saudi Arabia,2022,Total of Exports in Goods,411087.1541450666
Oman,2022,Total of Exports in Goods,66051.63315214569
Qatar,2022,Total of Exports in Goods,130964.47482679036
Kuwait,2022,Total of Exports in Goods,99770.58658612246
Emirates,2022,National non-oil commodity exports,94536.02331797974
Bahrain,2022,National non-oil commodity exports,13201.206269579518
Saudi Arabia,2022,National non-oil commodity exports,70842.2548237333
Oman,2022,National non-oil commodity exports,16265.166733420054
Qatar,2022,National non-oil commodity exports,13822.56178672554
Kuwait,2022,National non-oil commodity exports,3895.4187102040855
Emirates,2022,"National commodity exports, including oil",193210.6334288334
Bahrain,2022,"National commodity exports, including oil",28278.448281084093
Saudi Arabia,2022,"National commodity exports, including oil",397752.4208784
Oman,2022,"National commodity exports, including oil",62623.66291547468
Qatar,2022,"National commodity exports, including oil",128140.95828811564
Kuwait,2022,"National commodity exports, including oil",98023.15793306124
Emirates,2022,Re Exports Goods,158693.1518509083
Bahrain,2022,Re Exports Goods,1915.5288411223412
Saudi Arabia,2022,Re Exports Goods,13334.733266666672
Oman,2022,Re Exports Goods,3427.9702366710044
Qatar,2022,Re Exports Goods,2823.516538674726
Kuwait,2022,Re Exports Goods,1747.4286530612253
Emirates,2022,Oil and gas Exports,98674.61011085364
Bahrain,2022,Oil and gas Exports,15077.242011504575
Saudi Arabia,2022,Oil and gas Exports,326910.1660546667
Oman,2022,Oil and gas Exports,46358.49618205462
Qatar,2022,Oil and gas Exports,114318.3965013901
Kuwait,2022,Oil and gas Exports,94127.73922285716
Emirates,2022,Total commodity imports,331098.1079710264
Bahrain,2022,Total commodity imports,23502.74051329033
Saudi Arabia,2022,Total commodity imports,189876.79967146693
Oman,2022,Total commodity imports,38823.517807542274
Qatar,2022,Total commodity imports,33479.01282672396
Kuwait,2022,Total commodity imports,35935.82588081617
Emirates,2022,Non-oil commodity imports,331098.1079710264
Bahrain,2022,Non-oil commodity imports,15537.233425290333
Saudi Arabia,2022,Non-oil commodity imports,189876.79967146693
Oman,2022,Non-oil commodity imports,38823.517807542274
Qatar,2022,Non-oil commodity imports,33479.01282672396
Kuwait,2022,Non-oil commodity imports,35935.82588081617
Bahrain,2022,Oil and gas imports,7965.5070879999985
Emirates,2022,Goods trade exchange,683001.8932507681
Bahrain,2022,Goods trade exchange,53696.71763549677
Saudi Arabia,2022,Goods trade exchange,600963.9538165336
Oman,2022,Goods trade exchange,104875.15095968796
Qatar,2022,Goods trade exchange,164443.4876535143
Kuwait,2022,Goods trade exchange,135706.41246693864
Emirates,2022,Commodity trade balance,20805.677308715294
Bahrain,2022,Commodity trade balance,6691.236608916108
Saudi Arabia,2022,Commodity trade balance,221210.3544735997
Oman,2022,Commodity trade balance,27228.11534460341
Qatar,2022,Commodity trade balance,97485.4620000664
Kuwait,2022,Commodity trade balance,63834.76070530629
Emirates,2022,Total of Exports in Goods,290830.4490101532
Bahrain,2022,Total of Exports in Goods,21647.133991017603
Saudi Arabia,2022,Total of Exports in Goods,374996.11392693344
Oman,2022,Total of Exports in Goods,58747.950938881695
Qatar,2022,Total of Exports in Goods,122048.15241094586
Kuwait,2022,Total of Exports in Goods,95036.95358670004
Emirates,2022,National non-oil commodity exports,73311.63467034439
Bahrain,2022,National non-oil commodity exports,8499.043546377388
Saudi Arabia,2022,National non-oil commodity exports,61255.66076400009
Oman,2022,National non-oil commodity exports,11009.72621586478
Qatar,2022,National non-oil commodity exports,12303.230504880488
Kuwait,2022,National non-oil commodity exports,2774.194445714287
Emirates,2022,"National commodity exports, including oil",169270.64701733325
Bahrain,2022,"National commodity exports, including oil",20677.36057672771
Saudi Arabia,2022,"National commodity exports, including oil",369111.57916053344
Oman,2022,"National commodity exports, including oil",56871.21763849158
Qatar,2022,"National commodity exports, including oil",120706.93415253155
Kuwait,2022,"National commodity exports, including oil",94380.9479736388
Emirates,2022,Re Exports Goods,121559.8019928199
Bahrain,2022,Re Exports Goods,969.7734142898923
Saudi Arabia,2022,Re Exports Goods,5884.534766400009
Oman,2022,Re Exports Goods,1876.7333003901156
Qatar,2022,Re Exports Goods,1341.218258414285
Kuwait,2022,Re Exports Goods,656.0056130612255
Emirates,2022,Oil and gas Exports,95959.01234698886
Bahrain,2022,Oil and gas Exports,12178.317030350325
Saudi Arabia,2022,Oil and gas Exports,307855.9183965333
Oman,2022,Oil and gas Exports,45861.4914226268
Qatar,2022,Oil and gas Exports,108403.70364765108
Kuwait,2022,Oil and gas Exports,91606.75352792452
Emirates,2022,Total commodity imports,311961.7353729677
Bahrain,2022,Total commodity imports,12948.323866550942
Saudi Arabia,2022,Total commodity imports,169155.7550336002
Oman,2022,Total commodity imports,26530.85351365405
Qatar,2022,Total commodity imports,31694.31645379785
Kuwait,2022,Total commodity imports,29005.047382857058
Emirates,2022,Non-oil commodity imports,311961.7353729677
Bahrain,2022,Non-oil commodity imports,12948.323866550942
Saudi Arabia,2022,Non-oil commodity imports,169155.7550336002
Oman,2022,Non-oil commodity imports,26530.85351365405
Qatar,2022,Non-oil commodity imports,31694.31645379785
Kuwait,2022,Non-oil commodity imports,29005.047382857058
Emirates,2022,Goods trade exchange,602792.1843831209
Bahrain,2022,Goods trade exchange,34595.457857568545
Saudi Arabia,2022,Goods trade exchange,544151.8689605336
Oman,2022,Goods trade exchange,85278.80445253575
Qatar,2022,Goods trade exchange,153742.4688647437
Kuwait,2022,Goods trade exchange,124042.00096955708
Emirates,2022,Commodity trade balance,-21131.286362814542
Bahrain,2022,Commodity trade balance,8698.810124466661
Saudi Arabia,2022,Commodity trade balance,205840.35889333324
Oman,2022,Commodity trade balance,32217.097425227643
Qatar,2022,Commodity trade balance,90353.835957148
Kuwait,2022,Commodity trade balance,66031.90620384298
Emirates,2023,Total of Exports in Goods,369112.1998391263
Bahrain,2023,Total of Exports in Goods,24813.723068129453
Saudi Arabia,2023,Total of Exports in Goods,320018.4347295998
Oman,2023,Total of Exports in Goods,59010.96883745125
Qatar,2023,Total of Exports in Goods,97751.4956773942
Kuwait,2023,Total of Exports in Goods,83604.25865559895
Emirates,2023,National non-oil commodity exports,108121.12651676776
Bahrain,2023,National non-oil commodity exports,10369.656651769135
Saudi Arabia,2023,National non-oil commodity exports,55732.521399199766
Oman,2023,National non-oil commodity exports,14233.296749024728
Qatar,2023,National non-oil commodity exports,9987.553349128846
Kuwait,2023,National non-oil commodity exports,3575.4522656250056
Emirates,2023,"National commodity exports, including oil",201332.5697954063
Bahrain,2023,"National commodity exports, including oil",22803.568819278385
Saudi Arabia,2023,"National commodity exports, including oil",303118.3369077332
Oman,2023,"National commodity exports, including oil",55143.15207802342
Qatar,2023,"National commodity exports, including oil",94581.85227098325
Kuwait,2023,"National commodity exports, including oil",81680.58551432291
Emirates,2023,Re Exports Goods,167779.63004372
Bahrain,2023,Re Exports Goods,2010.1542488510645
Saudi Arabia,2023,Re Exports Goods,16900.097821866653
Oman,2023,Re Exports Goods,3867.816759427828
Qatar,2023,Re Exports Goods,3169.643406410991
Kuwait,2023,Re Exports Goods,1923.6731412760405
Emirates,2023,Oil and gas Exports,93211.44327863852
Bahrain,2023,Oil and gas Exports,12433.912167509252
Saudi Arabia,2023,Oil and gas Exports,247385.8155085334
Oman,2023,Oil and gas Exports,40909.855328998696
Qatar,2023,Oil and gas Exports,84594.29892185438
Kuwait,2023,Oil and gas Exports,78105.13324869791
Emirates,2023,Total commodity imports,391839.2555854074
Bahrain,2023,Total commodity imports,21847.541970736464
Saudi Arabia,2023,Total commodity imports,206939.80227919988
Oman,2023,Total commodity imports,39181.92905591667
Qatar,2023,Total commodity imports,31431.14128076103
Kuwait,2023,Total commodity imports,37268.317223307255
Emirates,2023,Non-oil commodity imports,391839.2555854074
Bahrain,2023,Non-oil commodity imports,15366.851268736464
Saudi Arabia,2023,Non-oil commodity imports,206939.80227919988
Oman,2023,Non-oil commodity imports,39181.92905591667
Qatar,2023,Non-oil commodity imports,31431.14128076103
Kuwait,2023,Non-oil commodity imports,37268.317223307255
Bahrain,2023,Oil and gas imports,6480.690702
Emirates,2023,Goods trade exchange,760951.4554245337
Bahrain,2023,Goods trade exchange,46661.26503886592
Saudi Arabia,2023,Goods trade exchange,526958.2370087997
Oman,2023,Goods trade exchange,98192.89789336792
Qatar,2023,Goods trade exchange,129182.63695815524
Kuwait,2023,Goods trade exchange,120872.5758789062
Emirates,2023,Commodity trade balance,-22727.05574628105
Bahrain,2023,Commodity trade balance,2966.1810973929896
Saudi Arabia,2023,Commodity trade balance,113078.63245039992
Oman,2023,Commodity trade balance,19829.03978153458
Qatar,2023,Commodity trade balance,66320.35439663318
Kuwait,2023,Commodity trade balance,46335.9414322917
Emirates,2023,Total of Exports in Goods,302626.5864240836
Bahrain,2023,Total of Exports in Goods,14929.11883467395
Saudi Arabia,2023,Total of Exports in Goods,285276.96298426646
Oman,2023,Total of Exports in Goods,50727.97502470742
Qatar,2023,Total of Exports in Goods,90343.7260498742
Kuwait,2023,Total of Exports in Goods,77429.89989247943
Emirates,2023,National non-oil commodity exports,86041.62562228715
Bahrain,2023,National non-oil commodity exports,6054.070416567037
Saudi Arabia,2023,National non-oil commodity exports,46325.89960639976
Oman,2023,National non-oil commodity exports,8679.391742522763
Qatar,2023,National non-oil commodity exports,9018.997028226104
Kuwait,2023,National non-oil commodity exports,2630.589752604169
Emirates,2023,"National commodity exports, including oil",174932.85304970352
Bahrain,2023,"National commodity exports, including oil",14054.46188411012
Saudi Arabia,2023,"National commodity exports, including oil",279578.9287746665
Oman,2023,"National commodity exports, including oil",48720.92962808844
Qatar,2023,"National commodity exports, including oil",88615.9700865036
Kuwait,2023,"National commodity exports, including oil",76822.96012034401
Emirates,2023,Re Exports Goods,127693.73337438
Bahrain,2023,Re Exports Goods,874.6569505638292
Saudi Arabia,2023,Re Exports Goods,5698.0342096
Oman,2023,Re Exports Goods,2007.045396618984
Qatar,2023,Re Exports Goods,1727.7559633706062
Kuwait,2023,Re Exports Goods,606.9397721354148
Emirates,2023,Oil and gas Exports,88891.2274274164
Bahrain,2023,Oil and gas Exports,8000.391467543083
Saudi Arabia,2023,Oil and gas Exports,233253.02916826672
Oman,2023,Oil and gas Exports,40041.53788556568
Qatar,2023,Oil and gas Exports,79596.9730582775
Kuwait,2023,Oil and gas Exports,74192.37036773984
Emirates,2023,Total commodity imports,373493.1923765524
Bahrain,2023,Total commodity imports,12560.623656374764
Saudi Arabia,2023,Total commodity imports,186097.60343546665
Oman,2023,Total commodity imports,26565.689344603303
Qatar,2023,Total commodity imports,29220.78589712533
Kuwait,2023,Total commodity imports,31186.156416015663
Emirates,2023,Non-oil commodity imports,373493.1923765524
Bahrain,2023,Non-oil commodity imports,12560.623656374764
Saudi Arabia,2023,Non-oil commodity imports,186097.60343546665
Oman,2023,Non-oil commodity imports,26565.689344603303
Qatar,2023,Non-oil commodity imports,29220.78589712533
Kuwait,2023,Non-oil commodity imports,31186.156416015663
Emirates,2023,Goods trade exchange,676119.778800636
Bahrain,2023,Goods trade exchange,27489.742491048717
Saudi Arabia,2023,Goods trade exchange,471374.5664197331
Oman,2023,Goods trade exchange,77293.66436931072
Qatar,2023,Goods trade exchange,119564.51194699954
Kuwait,2023,Goods trade exchange,108616.05630849508
Emirates,2023,Commodity trade balance,-70866.60595246882
Bahrain,2023,Commodity trade balance,2368.4951782991848
Saudi Arabia,2023,Commodity trade balance,99179.3595487998
Oman,2023,Commodity trade balance,24162.285680104116
Qatar,2023,Commodity trade balance,61122.94015274888
Kuwait,2023,Commodity trade balance,46243.743476463766
Emirates,2024,Total of Exports in Goods,429595.89000631927
Bahrain,2024,Total of Exports in Goods,24292.914855087496
Saudi Arabia,2024,Total of Exports in Goods,305499.3949944
Oman,2024,Total of Exports in Goods,65159.88499609883
Qatar,2024,Total of Exports in Goods,95044.24779333983
Kuwait,2024,Total of Exports in Goods,76000.70360974337
Emirates,2024,National non-oil commodity exports,142145.42716233325
Bahrain,2024,National non-oil commodity exports,10275.4780408418
Saudi Arabia,2024,National non-oil commodity exports,57961.03211013338
Oman,2024,National non-oil commodity exports,13844.346371911564
Qatar,2024,National non-oil commodity exports,10983.35482122939
Kuwait,2024,National non-oil commodity exports,4215.768353604849
Emirates,2024,"National commodity exports, including oil",259185.2517341236
Bahrain,2024,"National commodity exports, including oil",22115.36905923
Saudi Arabia,2024,"National commodity exports, including oil",281339.9026368
Oman,2024,"National commodity exports, including oil",60716.82048634589
Qatar,2024,"National commodity exports, including oil",90590.9153924695
Kuwait,2024,"National commodity exports, including oil",73169.74928424691
Emirates,2024,Re Exports Goods,170410.63827219568
Bahrain,2024,Re Exports Goods,2177.545795857502
Saudi Arabia,2024,Re Exports Goods,24159.492357599986
Oman,2024,Re Exports Goods,4443.064509752938
Qatar,2024,Re Exports Goods,4453.332400870333
Kuwait,2024,Re Exports Goods,2830.9543254964565
Emirates,2024,Oil and gas Exports,117039.82457179032
Bahrain,2024,Oil and gas Exports,11839.891018388194
Saudi Arabia,2024,Oil and gas Exports,223378.8705266666
Oman,2024,Oil and gas Exports,46872.47411443433
Qatar,2024,Oil and gas Exports,79607.56057124012
Kuwait,2024,Oil and gas Exports,68953.98093064206
Emirates,2024,Total commodity imports,444673.2105306353
Bahrain,2024,Total commodity imports,22306.35325698856
Saudi Arabia,2024,Total commodity imports,232806.27486106672
Oman,2024,Total commodity imports,43826.59894798436
Qatar,2024,Total commodity imports,35802.059931119176
Kuwait,2024,Total commodity imports,38109.34098216313
Emirates,2024,Non-oil commodity imports,444673.2105306353
Bahrain,2024,Non-oil commodity imports,15617.269096988555
Saudi Arabia,2024,Non-oil commodity imports,232806.27486106672
Oman,2024,Non-oil commodity imports,43826.59894798436
Qatar,2024,Non-oil commodity imports,35802.059931119176
Kuwait,2024,Non-oil commodity imports,38109.34098216313
Bahrain,2024,Oil and gas imports,6689.084159999999
Emirates,2024,Goods trade exchange,874269.1005369546
Bahrain,2024,Goods trade exchange,46599.26811207605
Saudi Arabia,2024,Goods trade exchange,538305.6698554667
Oman,2024,Goods trade exchange,108986.4839440832
Qatar,2024,Goods trade exchange,130846.307724459
Kuwait,2024,Goods trade exchange,114110.04459190652
Emirates,2024,Commodity trade balance,-15077.320524316048
Bahrain,2024,Commodity trade balance,1986.5615980989387
Saudi Arabia,2024,Commodity trade balance,72693.12013333326
Oman,2024,Commodity trade balance,21333.286048114467
Qatar,2024,Commodity trade balance,59242.18786222066
Kuwait,2024,Commodity trade balance,37891.362627580245
Emirates,2024,Total of Exports in Goods,359732.8922068101
Bahrain,2024,Total of Exports in Goods,17183.52102320575
Saudi Arabia,2024,Total of Exports in Goods,264783.2292117333
Oman,2024,Total of Exports in Goods,57222.4260494148
Qatar,2024,Total of Exports in Goods,84837.71959576072
Kuwait,2024,Total of Exports in Goods,65841.22616857101
Emirates,2024,National non-oil commodity exports,119429.17267530011
Bahrain,2024,National non-oil commodity exports,6185.378040895004
Saudi Arabia,2024,National non-oil commodity exports,48152.86262000007
Oman,2024,National non-oil commodity exports,8351.171659297766
Qatar,2024,National non-oil commodity exports,9249.091868873064
Kuwait,2024,National non-oil commodity exports,3170.304203215191
Emirates,2024,"National commodity exports, including oil",233669.89861377556
Bahrain,2024,"National commodity exports, including oil",16334.022585603198
Saudi Arabia,2024,"National commodity exports, including oil",256989.8724576
Oman,2024,"National commodity exports, including oil",54841.882668400496
Qatar,2024,"National commodity exports, including oil",82670.1787223055
Kuwait,2024,"National commodity exports, including oil",64567.25124112457
Emirates,2024,Re Exports Goods,126062.99359303464
Bahrain,2024,Re Exports Goods,849.4984376025527
Saudi Arabia,2024,Re Exports Goods,7793.356754133332
Oman,2024,Re Exports Goods,2380.5433810143027
Qatar,2024,Re Exports Goods,2167.5408734552207
Kuwait,2024,Re Exports Goods,1273.974927446441
Emirates,2024,Oil and gas Exports,114240.7259384754
Bahrain,2024,Oil and gas Exports,10148.644544708191
Saudi Arabia,2024,Oil and gas Exports,208837.0098375999
Oman,2024,Oil and gas Exports,46490.71100910273
Qatar,2024,Oil and gas Exports,73421.08685343244
Kuwait,2024,Oil and gas Exports,61396.94703790938
Emirates,2024,Total commodity imports,421659.2620413967
Bahrain,2024,Total commodity imports,13061.41996185024
Saudi Arabia,2024,Total commodity imports,212355.8809672003
Oman,2024,Total commodity imports,30538.282295188357
Qatar,2024,Total commodity imports,31736.11222250408
Kuwait,2024,Total commodity imports,30583.25175269824
Emirates,2024,Non-oil commodity imports,421659.2620413967
Bahrain,2024,Non-oil commodity imports,13061.41996185024
Saudi Arabia,2024,Non-oil commodity imports,212355.8809672003
Oman,2024,Non-oil commodity imports,30538.282295188357
Qatar,2024,Non-oil commodity imports,31736.11222250408
Kuwait,2024,Non-oil commodity imports,30583.25175269824
Emirates,2024,Goods trade exchange,781392.1542482069
Bahrain,2024,Goods trade exchange,30244.94098505599
Saudi Arabia,2024,Goods trade exchange,477139.1101789336
Oman,2024,Goods trade exchange,87760.70834460315
Qatar,2024,Goods trade exchange,116573.8318182648
Kuwait,2024,Goods trade exchange,96424.47792126924
Emirates,2024,Commodity trade balance,-61926.36983458657
Bahrain,2024,Commodity trade balance,4122.10106135551
Saudi Arabia,2024,Commodity trade balance,52427.34824453303
Oman,2024,Commodity trade balance,26684.143754226443
Qatar,2024,Commodity trade balance,53101.60737325664
Kuwait,2024,Commodity trade balance,35257.97441587277
